departure_date_local,timestamp_utc_start,timestamp_utc_end,carrier,flight_number,tail_number,origin_airport,destination_airport,attributed_contrail_km,eef_climatology_terajoules,analyzed_flight_length_km
2024-09-18,1726644571,1726646429,D0,366,GDHLR,EMA,JFK,407.5028727,59.6919943,1337.10829
2024-09-14,1726272635,1726272876,D0,1,GDHLV,NGO,CVG,67.64541576,30.74059299,2913.151053
2024-09-10,1726020316,1726020702,D0,384,GDHLW,LEJ,CVG,96.18325861,57.98407185,1914.199064
2024-09-11,1726061009,1726061189,D0,2,GDHMA,CVG,NGO,44.3720767,2.691230709,3955.913137
2024-09-20,1726831225,1726831344,D0,844,GDHLP,CVG,BRU,31.11256685,3.092944602,2635.452078
2024-09-20,1726831997,1726832796,D0,367,GDHLS,JFK,EMA,206.8013369,24.40971916,1667.183999
2024-09-20,null,null,D0,366,GDHLS,EMA,JFK,null,null,1377.506289
2024-09-06,1725634399,1725634889,D0,367,GDHLS,JFK,EMA,124.1110294,15.34908102,1384.92175
2024-09-08,1725805897,1725807024,D0,641,GDHLX,NGO,CVG,303.6919461,39.68003411,3042.384583
2024-09-08,1725805521,1725805701,D0,641,GDHLX,NGO,CVG,47.86047911,5.85820287,3042.384583
2024-09-08,null,null,D0,701,GDHLW,CVG,BAH,null,null,2259.620441
2024-09-07,null,null,D0,643,GDHLV,CVG,EMA,null,null,1525.372829
2024-09-10,1726025678,1726026085,D0,372,GDHLM,EMA,CVG,97.73690363,56.03980599,1928.260569
2024-09-11,1726062440,1726063109,D0,53,GDHLU,LAX,EMA,176.2205921,15.4846662,3345.482682
2024-09-11,1726063521,1726064015,D0,53,GDHLU,LAX,EMA,129.7485676,10.17997503,3345.482682
2024-09-11,1726064015,1726064319,D0,53,GDHLU,LAX,EMA,80.93233152,6.247228585,3345.482682
2024-09-11,null,null,D0,701,GDHLW,CVG,BAH,null,null,2363.374339
2024-09-19,1726729944,1726730133,D0,366,GDHLO,EMA,JFK,40.5319433,5.566872877,1357.138848
2024-09-15,1726407505,1726407625,D0,361,GDHLL,JFK,EMA,25.56232889,2.698203098,1590.960948
2024-09-15,1726408890,1726408951,D0,641,GDHLX,NGO,CVG,16.34930444,1.217586664,2899.894208
2024-09-15,1726433786,1726434318,D0,312,GDHMA,LEJ,CVG,124.037862,58.03790606,1792.651634
2024-09-15,1726432961,1726433416,D0,312,GDHMA,LEJ,CVG,103.9256222,50.12306557,1792.651634
2024-09-15,1726431806,1726432660,D0,312,GDHMA,LEJ,CVG,169.5551623,81.69024714,1792.651634
2024-09-19,null,null,D0,709,GDHLY,CVG,BAH,null,null,2769.414955
2024-09-19,1726711696,1726712611,D0,1,GDHLY,NGO,CVG,238.4300667,144.3884038,2922.676235
2024-09-22,1726995460,1726995584,D0,370,GDHLO,EMA,CVG,29.34955759,1.126481312,2078.989832
2024-09-22,1726995098,1726995280,D0,370,GDHLO,EMA,CVG,42.41350742,1.485409296,2078.989832
2024-09-22,1726994321,1726994787,D0,370,GDHLO,EMA,CVG,110.1889704,3.170089023,2078.989832
2024-09-22,1727009983,1727010331,D0,641,GDHLU,NGO,CVG,98.31026711,3.596369326,3158.705662
2024-09-22,1727011955,1727012074,D0,641,GDHLU,NGO,CVG,33.20420872,2.597242397,3158.705662
2024-09-22,1727010739,1727010922,D0,641,GDHLU,NGO,CVG,51.82083131,2.549154879,3158.705662
2024-09-21,null,null,D0,317,GDHLM,CVG,EMA,null,null,309.5882992
2024-09-24,null,null,D0,843,GDHLJ,BRU,CVG,null,null,2282.966805
2024-09-08,null,null,D0,361,GDHLL,JFK,EMA,null,null,1389.237669
2024-09-07,null,null,D0,363,GDHLE,JFK,BRU,null,null,1145.770583
2024-09-08,null,null,D0,392,GDHMC,EMA,CVG,null,null,1970.088824
2024-09-08,null,null,D0,384,GDHLY,LEJ,CVG,null,null,2152.051356
2024-09-08,null,null,D0,940,GDHLR,BRU,CVG,null,null,120.6495166
2024-09-14,1726333594,1726333775,D0,4,GDHLW,EMA,CVG,46.60230568,7.198286201,1973.983264
2024-09-14,1726334196,1726334503,D0,4,GDHLW,EMA,CVG,78.04419952,10.92070029,1973.983264
2024-09-24,1727184038,1727184277,D0,375,GDHLO,CVG,BRU,62.03251161,7.55636559,2065.613327
2024-09-24,1727188290,1727188410,D0,375,GDHLO,CVG,BRU,28.21872949,3.168754706,2065.613327
2024-09-23,1727140654,1727141433,D0,384,GDHMC,LEJ,CVG,167.3805648,100.9302535,1410.40064
2024-09-24,1727160689,1727161837,D0,366,GDHLE,EMA,JFK,253.9408125,42.10316438,1412.040153
2024-09-17,null,null,D0,2,GDHLP,EMA,CVG,null,null,1959.651695
2024-09-18,null,null,D0,3,GDHLP,CVG,EMA,null,null,2102.145005
2024-09-13,1726228056,1726228336,D0,2,GDHMB,CVG,NGO,72.67107893,3.334012386,2895.112283
2024-09-12,null,null,D0,372,GDHLE,EMA,CVG,null,null,2092.701254
2024-09-07,null,null,D0,7,GDHLW,OSC,CVG,null,null,422.3025751
2024-09-14,1726333710,1726333781,D0,364,GDHLS,MXP,JFK,17.68074961,3.366295532,1353.925083
2024-09-14,1726333829,1726334556,D0,364,GDHLS,MXP,JFK,183.2341057,32.79840329,1353.925083
2024-09-14,null,null,D0,643,GDHLU,ATL,CVG,null,null,358.7701282
2024-09-14,null,null,D0,709,GDHLV,CVG,BAH,null,null,2614.309572
2024-09-22,null,null,D0,312,GDHLE,LEJ,CVG,null,null,50.04611576
2024-09-23,1727080412,1727081182,D0,653,GDHLW,HKG,LAX,194.1659963,90.41962282,1462.303897
2024-09-03,null,null,D0,375,GDHLL,CVG,BRU,null,null,2295.427271
2024-09-17,null,null,D0,521,GDHLV,CVG,LEJ,null,null,1886.013812
2024-09-17,null,null,D0,1,GDHLW,CVG,EMA,null,null,2019.442534
2024-09-24,1727175869,1727176473,D0,866,GDHLM,CVG,EMA,157.7851636,12.607071,2191.499376
2024-09-24,1727180849,1727181452,D0,866,GDHLM,CVG,EMA,103.9898464,8.859029295,2191.499376
2024-09-07,1725714220,1725714341,D0,643,GDHLV,NGO,ATL,33.59387777,2.524261807,3136.906219
2024-09-07,1725712529,1725712893,D0,643,GDHLV,NGO,ATL,101.6230967,3.995468521,3136.906219
2024-09-07,1725710182,1725710569,D0,643,GDHLV,NGO,ATL,114.2770143,2.52894353,3136.906219
2024-09-07,null,null,D0,709,GDHMC,CVG,BAH,null,null,1533.617143
2024-09-21,1726925964,1726926456,D0,376,GDHLE,LEJ,CVG,117.8072414,14.27334778,1982.921673
2024-09-21,null,null,D0,709,GDHLX,CVG,BAH,null,null,2723.900736
2024-09-21,null,null,D0,643,GDHMA,ATL,CVG,null,null,392.2689473
2024-09-21,null,null,D0,2,GDHLX,EMA,CVG,null,null,1930.726853
2024-09-19,null,null,D0,51,GDHLV,PVG,LAX,null,null,1305.59977
2024-09-17,null,null,D0,4,GDHLY,CVG,NGO,null,null,2184.918831
2024-09-17,null,null,D0,709,GDHMD,CVG,BAH,null,null,1563.265312
2024-09-17,1726580132,1726580613,D0,367,GDHLP,JFK,EMA,119.3564439,15.71326582,1468.25304
2024-09-17,1726578930,1726579591,D0,367,GDHLP,JFK,EMA,161.9545936,22.0192354,1468.25304
2024-09-17,1726583441,1726583897,D0,367,GDHLP,JFK,EMA,113.7718665,12.81605917,1468.25304
2024-09-17,1726584141,1726584321,D0,367,GDHLP,JFK,EMA,45.17465608,5.258425081,1468.25304
2024-09-23,1727142343,1727142975,D0,521,GDHMD,HKG,CVG,164.5502697,96.9977266,3595.434305
2024-09-24,1727183420,1727183480,D0,521,GDHMD,CVG,LEJ,16.66103834,2.004083637,2034.843928
2024-09-24,1727184090,1727184202,D0,521,GDHMD,CVG,LEJ,29.56020886,3.561403656,2034.843928
2024-09-15,null,null,D0,701,GDHLU,CVG,BAH,null,null,2250.607841
2024-09-03,null,null,D0,521,GDHMA,CVG,LEJ,null,null,2059.051384
2024-09-24,1727197226,1727197592,D0,51,GDHLY,LAX,EMA,92.53975793,16.09414912,5056.340152
2024-09-24,1727194051,1727194221,D0,51,GDHLY,LAX,EMA,44.73388728,5.56277613,5056.340152
2024-09-23,1727149002,1727149279,D0,4,GDHLU,EMA,CVG,59.67591751,33.48311629,2135.768696
2024-09-23,1727143662,1727143717,D0,4,GDHLU,EMA,CVG,12.484862,7.651961153,2135.768696
2024-09-23,1727142510,1727142759,D0,4,GDHLU,EMA,CVG,58.74830377,37.02541597,2135.768696
2024-09-23,1727147609,1727147789,D0,4,GDHLU,EMA,CVG,40.60849663,23.22143978,2135.768696
2024-09-23,1727143421,1727143541,D0,4,GDHLU,EMA,CVG,27.39942134,16.90140288,2135.768696
2024-09-23,1727148399,1727148462,D0,4,GDHLU,EMA,CVG,13.52416491,7.715595682,2135.768696
2024-09-23,1727140697,1727140878,D0,843,GDHLM,BRU,CVG,39.15059366,24.08539819,2228.332501
2024-09-25,null,null,D0,3,GDHMA,NGO,CVG,null,null,3447.798115
2024-09-24,null,null,D0,2,GDHLU,EMA,CVG,null,null,2260.00246
2024-09-02,null,null,D0,968,GDHMC,CVG,EMA,null,null,2073.430336
2024-09-03,null,null,D0,367,GDHLP,JFK,EMA,null,null,1256.091205
2024-09-03,1725352946,1725353420,D0,364,GDHLM,LEJ,JFK,115.6537133,2.7197966,1335.503308
2024-09-03,1725352477,1725352597,D0,364,GDHLM,LEJ,JFK,14.20657402,0.382060157,1335.503308
2024-09-10,null,null,D0,375,GDHLR,CVG,BRU,null,null,2268.945416
2024-09-10,null,null,D0,361,GDHLL,JFK,LEJ,null,null,1349.604936
2024-09-07,null,null,D0,643,GDHLV,ATL,CVG,null,null,374.1925224
2024-09-20,null,null,D0,375,GDHLE,CVG,BRU,null,null,2491.000721
2024-09-19,null,null,D0,372,GDHLE,EMA,CVG,null,null,2003.432795
2024-09-19,null,null,D0,384,GDHLW,LEJ,CVG,null,null,1956.917108
2024-09-20,1726878274,1726878382,D0,384,GDHLL,LEJ,CVG,25.00135349,14.78204479,1108.677023
2024-09-20,null,null,D0,4,GDHMD,EMA,CVG,null,null,1942.411042
2024-09-23,1727092301,1727093610,D0,317,GDHLJ,CVG,LEJ,326.5754908,37.83771643,2603.111305
2024-09-23,1727092057,1727092181,D0,317,GDHLJ,CVG,LEJ,31.25606653,3.413215558,2603.111305
2024-09-23,1727096083,1727096383,D0,375,GDHLE,CVG,BRU,74.85095695,9.678953692,2442.600804
2024-09-23,1727096383,1727097258,D0,375,GDHLE,CVG,BRU,218.1012132,28.38572468,2442.600804
2024-09-15,1726405952,1726406489,D0,392,GDHMD,EMA,CVG,136.0929667,15.17765563,1953.761436
2024-09-15,1726403249,1726403360,D0,392,GDHMD,EMA,CVG,27.29434886,2.141576437,1953.761436
2024-09-15,1726403420,1726404581,D0,392,GDHMD,EMA,CVG,284.6360308,23.33138398,1953.761436
2024-09-15,null,null,D0,370,GDHLR,EMA,CVG,null,null,1937.926483
2024-09-15,null,null,D0,940,GDHLM,BRU,CVG,null,null,2349.901078
2024-09-21,null,null,D0,843,GDHLM,BRU,CVG,null,null,2052.028166
2024-09-01,null,null,D0,701,GDHMB,CVG,BAH,null,null,2534.100793
2024-09-01,null,null,D0,940,GDHLJ,BRU,CVG,null,null,1689.759094
2024-09-01,null,null,D0,312,GDHLP,LEJ,CVG,null,null,1711.863326
2024-09-01,null,null,D0,361,GDHLS,JFK,EMA,null,null,1248.365903
2024-09-01,null,null,D0,362,GDHLS,LEJ,JFK,null,null,1488.675171
2024-09-01,null,null,D0,968,GDHMC,HKG,LAX,null,null,1031.270727
2024-09-20,1726839506,1726839628,D0,701,GDHMC,CVG,BAH,34.35577502,4.331358743,2750.975444
2024-09-20,null,null,D0,2,GDHLW,CVG,NGO,null,null,2169.572218
2024-09-25,null,null,D0,523,GDHLV,CVG,LEJ,null,null,2537.557221
2024-09-25,1727248217,1727248528,D0,366,GDHLO,EMA,JFK,69.21952043,13.31979069,1465.37038
2024-09-25,1727263943,1727264183,D0,2,GDHLU,CVG,NGO,55.81508734,3.132512127,3009.104419
2024-09-26,1727407697,1727407998,D0,2,GDHMC,EMA,CVG,74.63181932,42.78078165,1978.365085
2024-09-24,1727179578,1727179819,D0,709,GDHLX,CVG,BAH,65.28689062,6.983374789,2031.677753
2024-09-24,null,null,D0,1,GDHLU,CVG,EMA,null,null,2053.505547
2024-09-04,1725455179,1725455727,D0,367,GDHLO,JFK,EMA,124.3688982,12.54695688,1398.816677
2024-09-04,1725452556,1725452923,D0,367,GDHLO,JFK,EMA,87.16580271,9.860207649,1398.816677
2024-09-10,1726017990,1726018774,D0,523,GDHLX,HKG,CVG,201.5656996,111.6363141,3828.550108
2024-09-10,1726025376,1726025677,D0,523,GDHLX,HKG,CVG,77.16146222,46.18677333,3828.550108
2024-09-11,1726024654,1726025014,D0,3,GDHLV,NGO,CVG,92.63696741,52.50950612,2701.403638
2024-09-11,1726019970,1726020403,D0,3,GDHLV,NGO,CVG,113.7855908,71.68287818,2701.403638
2024-09-11,1726017033,1726017563,D0,3,GDHLV,NGO,CVG,135.9233366,91.28906321,2701.403638
2024-09-11,1726018104,1726018584,D0,3,GDHLV,NGO,CVG,124.3379465,83.30982196,2701.403638
2024-09-11,null,null,D0,3,GDHLV,CVG,EMA,null,null,2342.300752
2024-09-11,null,null,D0,364,GDHLO,LEJ,JFK,null,null,1351.158807
2024-09-11,null,null,D0,53,GDHLU,PVG,LAX,null,null,1231.08194
2024-09-11,null,null,D0,361,GDHLO,JFK,LEJ,null,null,1448.693667
2024-09-10,null,null,D0,709,GDHLY,CVG,BAH,null,null,2266.577556
2024-09-16,1726543405,1726543585,D0,385,GDHLX,CVG,EMA,50.35441933,28.20507271,2317.2311
2024-09-16,1726547317,1726547800,D0,385,GDHLX,CVG,EMA,125.2715493,58.45275819,2317.2311
2024-09-16,1726542321,1726542567,D0,385,GDHLX,CVG,EMA,67.03192128,37.4464683,2317.2311
2024-09-17,1726551318,1726551684,D0,521,GDHLV,HKG,CVG,95.01045965,58.93947414,2842.974457
2024-09-16,null,null,D0,4,GDHLY,EMA,CVG,null,null,2254.171257
2024-09-17,null,null,D0,1,GDHLW,NGO,CVG,null,null,2681.190193
2024-09-03,1725363935,1725364063,D0,4,GDHLY,CVG,NGO,30.48464151,2.23500465,2366.798333
2024-09-03,1725368195,1725368255,D0,4,GDHLY,CVG,NGO,14.47114071,0.67260526,2366.798333
2024-09-03,1725362016,1725362193,D0,4,GDHLY,CVG,NGO,42.16753977,2.486873085,2366.798333
2024-09-02,1725334767,1725335803,D0,521,GDHMA,HKG,CVG,272.5346666,158.4633502,2755.648385
2024-09-03,1725334834,1725335196,D0,1,GDHLY,NGO,CVG,97.22203699,54.96128548,3822.133414
2024-09-07,1725728671,1725729329,D0,364,GDHLE,MXP,JFK,147.6290169,20.53225712,1549.935428
2024-09-07,1725732328,1725733037,D0,364,GDHLE,MXP,JFK,129.5773637,17.09008509,1549.935428
2024-09-07,1725731670,1725731910,D0,364,GDHLE,MXP,JFK,46.12049223,6.015113935,1549.935428
2024-09-27,1727435135,1727435417,D0,367,GDHLJ,JFK,EMA,78.31122217,7.421303673,1752.776678
2024-09-27,1727440769,1727441017,D0,367,GDHLJ,JFK,EMA,62.47746401,7.699435914,1752.776678
2024-09-24,1727181926,1727182407,D0,4,GDHMC,CVG,NGO,125.3465136,7.260914334,1962.460382
2024-09-24,1727181506,1727181686,D0,4,GDHMC,CVG,NGO,47.40894278,2.788163495,1962.460382
2024-09-24,1727180431,1727180716,D0,4,GDHMC,CVG,NGO,73.38097394,4.631185096,1962.460382
2024-09-24,1727157693,1727158051,D0,51,GDHLY,PVG,LAX,87.51319956,48.90839298,1190.9188
2024-09-09,1725941197,1725941308,D0,4,GDHMB,EMA,CVG,29.09561946,15.83215878,1872.98081
2024-09-10,1725934222,1725934282,D0,1,GDHMA,NGO,CVG,15.27553176,9.21922339,3292.705798
2024-09-10,1725936199,1725936936,D0,1,GDHMA,NGO,CVG,184.3990634,111.6094755,3292.705798
2024-09-10,null,null,D0,366,GDHLM,EMA,JFK,null,null,1671.870783
2024-09-14,1726321718,1726322179,D0,376,GDHLP,LEJ,CVG,116.7020483,12.03400119,1917.985808
2024-09-14,1726319835,1726321468,D0,376,GDHLP,LEJ,CVG,405.3500937,38.027842,1917.985808
2024-09-14,1726322246,1726322307,D0,376,GDHLP,LEJ,CVG,15.28332349,1.642176901,1917.985808
2024-09-26,1727355027,1727355809,D0,1,GDHMC,CVG,EMA,229.6313785,27.61285904,2379.546578
2024-09-25,1727318504,1727318787,D0,4,GDHMA,EMA,CVG,66.95495332,39.43149088,2113.180374
2024-09-26,null,null,D0,367,GDHLJ,JFK,EMA,null,null,1828.019162
2024-09-25,null,null,D0,701,GDHLW,CVG,BAH,null,null,2563.158486
2024-09-23,null,null,D0,653,GDHLW,LAX,EMA,null,null,5616.177591
2024-09-10,1726031426,1726031534,D0,2,GDHMA,EMA,CVG,25.8106389,12.69534384,1939.454194
2024-09-10,1726029740,1726029982,D0,2,GDHMA,EMA,CVG,60.50322774,31.16804502,1939.454194
2024-09-10,1726030700,1726030817,D0,2,GDHMA,EMA,CVG,28.74438122,14.27907451,1939.454194
2024-09-26,null,null,D0,372,GDHLE,EMA,CVG,null,null,1903.66411
2024-09-27,null,null,D0,701,GDHLW,CVG,BAH,null,null,2565.474003
2024-09-27,null,null,D0,375,GDHLE,CVG,BRU,null,null,1509.165328
2024-09-07,1725719680,1725719789,D0,4,GDHMA,CVG,NGO,26.376015,1.157973001,3787.280907
2024-09-04,1725456026,1725456453,D0,820,GDHLX,CVG,LEJ,92.91327348,9.084464638,2176.576576
2024-09-04,1725452295,1725453137,D0,820,GDHLX,CVG,LEJ,209.5196191,22.00647264,2176.576576
2024-09-04,null,null,D0,366,GDHLO,EMA,JFK,null,null,1417.659279
2024-09-26,1727335233,1727335713,D0,51,GDHLY,PVG,LAX,126.8912723,65.28465075,1235.779861
2024-09-26,null,null,D0,4,GDHMA,CVG,NGO,null,null,2264.747327
2024-09-26,1727356304,1727356457,D0,375,GDHLS,CVG,BRU,45.35315062,5.918582922,2699.279091
2024-09-26,1727341471,1727341592,D0,866,GDHLE,CVG,EMA,30.13969136,1.183721029,2382.171836
2024-09-26,1727342983,1727343103,D0,866,GDHLE,CVG,EMA,29.84535749,1.43622765,2382.171836
2024-09-25,null,null,D0,372,GDHLS,EMA,CVG,null,null,2015.203579
2024-09-26,1727331700,1727332174,D0,366,GDHLJ,EMA,JFK,106.3764135,20.5433039,1544.782916
2024-09-18,null,null,D0,523,GDHLU,CVG,LEJ,null,null,2001.923679
2024-09-05,null,null,D0,372,GDHLE,EMA,CVG,null,null,2213.178481
2024-09-10,null,null,D0,521,GDHMD,CVG,LEJ,null,null,2209.831165
2024-09-12,null,null,D0,709,GDHLY,CVG,BAH,null,null,2583.131642
2024-09-12,null,null,D0,4,GDHLV,CVG,NGO,null,null,2683.600955
2024-09-06,null,null,D0,384,GDHLL,LEJ,CVG,null,null,1253.811167
2024-09-05,1725588205,1725588257,D0,384,GDHLW,LEJ,CVG,12.02465279,7.266103517,2254.754428
2024-09-05,1725588753,1725588922,D0,384,GDHLW,LEJ,CVG,40.23499069,23.97864042,2254.754428
2024-09-06,null,null,D0,701,GDHLY,CVG,BAH,null,null,1481.445516
2024-09-06,null,null,D0,375,GDHLE,CVG,BRU,null,null,1459.380764
2024-09-04,1725408273,1725408502,D0,3,GDHLU,NGO,CVG,52.90661853,29.81673428,2750.373712
2024-09-04,1725414803,1725414863,D0,3,GDHLU,NGO,CVG,15.85012157,9.437996342,2750.373712
2024-09-04,1725409239,1725409646,D0,3,GDHLU,NGO,CVG,114.1476109,69.5076126,2750.373712
2024-09-25,1727269166,1727269593,D0,3,GDHMA,CVG,EMA,113.7577837,14.54976555,2615.635654
2024-09-09,1725873125,1725873926,D0,653,GDHLU,HKG,LAX,200.9296056,83.23896463,1510.001589
2024-09-19,1726796124,1726796555,D0,843,GDHLP,BRU,CVG,103.0413134,62.26967476,1916.249578
2024-09-26,null,null,D0,51,GDHLY,LAX,EMA,null,null,2740.674428
2024-09-23,1727075000,1727075120,D0,2,GDHLX,LEJ,CVG,29.46126819,3.991296375,2017.469956
2024-09-23,1727077098,1727077283,D0,2,GDHLX,LEJ,CVG,43.51443805,5.974297295,2017.469956
2024-09-23,1727078190,1727078790,D0,2,GDHLX,LEJ,CVG,136.3832089,17.95416898,2017.469956
2024-09-10,null,null,D0,367,GDHLM,JFK,EMA,null,null,1463.688657
2024-09-17,null,null,D0,372,GDHLO,EMA,CVG,null,null,1900.705305
2024-09-09,null,null,D0,375,GDHLM,CVG,BRU,null,null,2112.076231
2024-09-06,null,null,D0,4,GDHMA,EMA,CVG,null,null,2374.750237
2024-09-07,1725688831,1725689010,D0,1,GDHMC,NGO,CVG,48.1344792,25.73627899,2247.642763
2024-09-07,1725687927,1725688178,D0,1,GDHMC,NGO,CVG,68.77787625,40.14890532,2247.642763
2024-09-03,null,null,D0,1,GDHLE,CVG,EMA,null,null,2014.381583
2024-09-03,null,null,D0,361,GDHLM,JFK,LEJ,null,null,1293.121505
2024-09-02,null,null,D0,384,GDHMB,LEJ,CVG,null,null,1817.18597
2024-09-03,null,null,D0,51,GDHLV,PVG,LAX,null,null,1199.996977
2024-09-27,null,null,D0,844,GDHLS,CVG,BRU,null,null,2398.359722
2024-09-04,null,null,D0,817,GDHLJ,LEJ,CVG,null,null,2146.575377
2024-09-30,null,null,D0,653,GDHLU,LAX,EMA,null,null,3225.64533
2024-09-06,1725631179,1725631582,D0,361,GDHLM,JFK,LEJ,103.0659502,11.40002621,1353.453883
2024-09-07,null,null,D0,1,GDHLL,CVG,EMA,null,null,1748.910271
2024-09-19,null,null,D0,1,GDHLE,CVG,EMA,null,null,2305.538855
2024-09-18,null,null,D0,372,GDHLE,EMA,CVG,null,null,1940.389408
2024-09-19,1726747769,1726747892,D0,367,GDHLO,JFK,EMA,32.89201426,3.967208918,1739.898211
2024-09-19,1726746624,1726746805,D0,367,GDHLO,JFK,EMA,48.88780227,5.699393736,1739.898211
2024-09-10,1725972681,1725972861,D0,4,GDHMB,CVG,NGO,43.48056292,1.409492496,2333.165626
2024-09-10,1725965969,1725966161,D0,4,GDHMB,CVG,NGO,48.4040763,2.699788492,2333.165626
2024-09-09,null,null,D0,653,GDHLU,LAX,EMA,null,null,1672.491661
2024-09-09,1725868768,1725869128,D0,2,GDHLV,LEJ,CVG,92.89766215,8.812663782,1873.310749
2024-09-26,1727397056,1727397211,D0,384,GDHLW,LEJ,CVG,36.61435949,24.76680215,1817.752957
2024-09-11,1726103080,1726103355,D0,384,GDHLY,LEJ,CVG,66.63663016,41.54502905,1964.891497
2024-09-11,null,null,D0,372,GDHLL,EMA,CVG,null,null,1839.040515
2024-09-18,1726658358,1726658737,D0,701,GDHLX,CVG,BAH,100.5625958,6.975509042,1898.515671
2024-09-18,1726662201,1726662743,D0,367,GDHLR,JFK,EMA,135.715318,15.94222989,1383.295504
2024-09-18,1726661475,1726661535,D0,367,GDHLR,JFK,EMA,15.16331866,1.783067164,1383.295504
2024-09-18,null,null,D0,375,GDHLO,CVG,BRU,null,null,2032.230801
2024-09-03,null,null,D0,384,GDHMC,LEJ,CVG,null,null,1982.53878
2024-09-04,null,null,D0,364,GDHLM,LEJ,JFK,null,null,1405.510933
2024-09-04,1725456341,1725456750,D0,361,GDHLM,JFK,LEJ,99.59203108,12.84320537,1472.080264
2024-09-04,1725459557,1725459882,D0,361,GDHLM,JFK,LEJ,68.68392841,7.661992586,1472.080264
2024-09-04,1725458903,1725459032,D0,361,GDHLM,JFK,LEJ,27.46658462,3.055035824,1472.080264
2024-09-04,1725457168,1725457219,D0,361,GDHLM,JFK,LEJ,12.11107396,1.542666528,1472.080264
2024-09-04,null,null,D0,701,GDHLW,CVG,BAH,null,null,2575.170174
2024-09-29,1727676143,1727676263,D0,844,GDHLE,CVG,BRU,31.23894842,6.65643985,2476.957245
2024-09-30,null,null,D0,375,GDHLR,CVG,BRU,null,null,2454.200104
2024-09-13,1726229121,1726229492,D0,701,GDHLW,CVG,BAH,99.65128769,9.724256774,2289.821938
2024-09-13,1726231174,1726231718,D0,367,GDHLJ,JFK,EMA,134.2265611,16.45907422,1430.393111
2024-09-13,null,null,D0,53,GDHLX,LAX,EMA,null,null,5013.509113
2024-09-12,null,null,D0,384,GDHLW,LEJ,CVG,null,null,1848.1926
2024-09-21,1726940322,1726940673,D0,364,GDHLR,MXP,JFK,83.09091471,9.83595325,1475.654094
2024-09-13,1726216600,1726217024,D0,364,GDHLO,LEJ,JFK,98.40221303,4.886728121,1303.508507
2024-09-13,1726233986,1726235308,D0,361,GDHLO,JFK,LEJ,323.8369464,41.46382816,1457.753933
2024-09-13,1726235848,1726236205,D0,361,GDHLO,JFK,LEJ,89.80828717,10.52399629,1457.753933
2024-09-13,null,null,D0,366,GDHLJ,EMA,JFK,null,null,1295.512687
2024-09-12,1726147223,1726147591,D0,361,GDHLO,JFK,LEJ,88.62090937,11.86888121,1423.06746
2024-09-12,1726148132,1726148319,D0,361,GDHLO,JFK,LEJ,45.12826696,5.915427031,1423.06746
2024-09-12,1726147770,1726147952,D0,361,GDHLO,JFK,LEJ,43.87045428,5.829947971,1423.06746
2024-09-12,1726148012,1726148070,D0,361,GDHLO,JFK,LEJ,14.03594127,1.854590321,1423.06746
2024-09-12,null,null,D0,375,GDHLL,CVG,BRU,null,null,2282.829404
2024-09-12,null,null,D0,1,GDHMB,CVG,EMA,null,null,2268.239557
2024-09-12,null,null,D0,367,GDHLJ,JFK,EMA,null,null,1487.175246
2024-09-12,null,null,D0,366,GDHLJ,EMA,JFK,null,null,1349.250889
2024-09-18,1726621282,1726621342,D0,3,GDHMA,NGO,CVG,15.00149167,9.734165906,2854.961561
2024-09-17,null,null,D0,523,GDHLU,HKG,CVG,null,null,3470.729389
2024-09-18,null,null,D0,2,GDHMA,CVG,NGO,null,null,2179.797201
2024-09-27,null,null,D0,2,GDHLU,CVG,NGO,null,null,2161.453084
2024-09-04,1725454838,1725454959,D0,3,GDHMC,CVG,EMA,30.00331584,3.495981884,2173.146981
2024-09-04,1725458600,1725458780,D0,3,GDHMC,CVG,EMA,38.96824102,4.105437654,2173.146981
2024-09-04,1725454477,1725454590,D0,3,GDHMC,CVG,EMA,27.80739687,3.25798186,2173.146981
2024-09-03,null,null,D0,2,GDHLP,EMA,CVG,null,null,2065.292597
2024-09-23,1727088569,1727089711,D0,385,GDHLV,CVG,EMA,298.715403,27.12360859,2519.316375
2024-09-23,1727093070,1727093320,D0,385,GDHLV,CVG,EMA,75.05851406,9.382095055,2519.316375
2024-09-23,1727093841,1727094020,D0,385,GDHLV,CVG,EMA,54.61176027,6.86294888,2519.316375
2024-09-03,null,null,D0,709,GDHMB,CVG,BAH,null,null,2144.065644
2024-09-02,null,null,D0,4,GDHLE,EMA,CVG,null,null,1754.231012
2024-09-03,null,null,D0,366,GDHLP,EMA,JFK,null,null,1416.370391
2024-09-25,null,null,D0,843,GDHLE,BRU,CVG,null,null,1995.187387
2024-09-26,1727354115,1727354798,D0,709,GDHLX,CVG,BAH,147.2775187,15.30221113,2485.520197
2024-09-26,1727351188,1727351565,D0,709,GDHLX,CVG,BAH,108.0608496,9.722387636,2485.520197
2024-09-14,1726364907,1726365077,D0,4,GDHLW,CVG,NGO,42.35887169,29.56532729,1632.575144
2024-09-14,1726359449,1726359680,D0,4,GDHLW,CVG,NGO,60.39796376,34.60277008,1632.575144
2024-09-14,1726361191,1726361251,D0,4,GDHLW,CVG,NGO,14.43222934,9.003016896,1632.575144
2024-09-14,1726358252,1726358783,D0,363,GDHLS,JFK,BRU,13.08042881,8.329819112,384.2210776
2024-09-14,1726358901,1726358963,D0,363,GDHLS,JFK,BRU,13.80430405,8.788575892,384.2210776
2024-09-15,1726385921,1726386757,D0,362,GDHLL,LEJ,JFK,201.361599,18.39004322,1388.652832
2024-09-30,null,null,D0,2,GDHMD,LEJ,CVG,null,null,2074.533339
2024-09-10,null,null,D0,1,GDHMA,CVG,EMA,null,null,2215.124314
2024-09-03,null,null,D0,51,GDHLV,LAX,EMA,null,null,3919.540168
2024-09-11,1726061499,1726061784,D0,375,GDHLM,CVG,BRU,70.8925011,9.44173456,2229.747208
2024-09-11,1726060049,1726060229,D0,375,GDHLM,CVG,BRU,44.07825324,5.750694117,2229.747208
2024-09-11,null,null,D0,367,GDHLR,JFK,EMA,null,null,1490.165799
2024-09-11,null,null,D0,366,GDHLR,EMA,JFK,null,null,1710.228367
2024-09-11,null,null,D0,523,GDHLX,CVG,LEJ,null,null,2405.50394
2024-09-06,null,null,D0,2,GDHLU,CVG,NGO,null,null,2857.959383
2024-09-06,null,null,D0,2,GDHLY,EMA,CVG,null,null,2267.923441
2024-09-06,1725612705,1725612941,D0,366,GDHLS,EMA,JFK,47.1062373,2.365589654,1535.022819
2024-09-24,1727223980,1727224459,D0,384,GDHLW,LEJ,CVG,105.9595745,64.96486455,1696.750128
2024-09-24,1727224516,1727224819,D0,384,GDHLW,LEJ,CVG,67.47776646,40.88398792,1696.750128
2024-09-25,null,null,D0,375,GDHLJ,CVG,BRU,null,null,2624.645051
2024-09-27,null,null,D0,3,GDHLU,NGO,CVG,null,null,3127.343883
2024-09-27,null,null,D0,3,GDHMC,CVG,EMA,null,null,2134.478078
2024-09-06,1725610356,1725610648,D0,364,GDHLM,LEJ,JFK,64.7647986,3.990579928,1462.368878
2024-09-17,null,null,D0,384,GDHLX,LEJ,CVG,null,null,1920.517177
2024-09-10,null,null,D0,364,GDHLL,LEJ,JFK,null,null,1465.455572
2024-09-14,1726322910,1726323099,D0,1,GDHLL,CVG,EMA,44.7268025,5.474626725,2535.678016
2024-09-14,1726320137,1726320317,D0,1,GDHLL,CVG,EMA,43.30194554,5.579833857,2535.678016
2024-09-13,null,null,D0,384,GDHLL,LEJ,CVG,null,null,881.7397476
2024-09-21,1726968523,1726968630,D0,866,GDHLE,CVG,EMA,26.37417442,15.98087576,2357.930237
2024-09-21,1726968916,1726969157,D0,866,GDHLE,CVG,EMA,58.99374975,35.365603,2357.930237
2024-09-22,1727048955,1727049255,D0,312,GDHLE,LEJ,CVG,68.11804484,38.80725353,1861.656275
2024-09-22,1727042608,1727043034,D0,312,GDHLE,LEJ,CVG,99.49685214,63.185567,1861.656275
2024-09-21,null,null,D0,384,GDHMC,LEJ,CVG,null,null,1688.752802
2024-09-01,null,null,D0,392,GDHMB,EMA,CVG,null,null,2489.665674
2024-09-01,null,null,D0,370,GDHLL,EMA,CVG,null,null,2460.78588
2024-09-21,null,null,D0,385,GDHLL,CVG,EMA,null,null,2347.165102
2024-09-25,1727310144,1727310205,D0,384,GDHLX,LEJ,CVG,14.39569817,9.576724463,2048.809208
2024-09-25,1727313621,1727314041,D0,384,GDHLX,LEJ,CVG,91.07433921,54.40916527,2048.809208
2024-09-22,1727033077,1727033484,D0,940,GDHLJ,BRU,CVG,93.86347967,31.47735054,1982.036118
2024-09-22,1727032699,1727032895,D0,940,GDHLJ,BRU,CVG,45.1772382,15.43320146,1982.036118
2024-09-21,1726965986,1726966048,D0,643,GDHMA,CVG,EMA,15.99248602,9.702666616,2073.261526
2024-09-21,1726966168,1726966409,D0,643,GDHMA,CVG,EMA,63.82526703,38.8454862,2073.261526
2024-09-22,1727001098,1727001514,D0,392,GDHLV,EMA,CVG,100.911472,5.249596963,2081.866951
2024-09-22,1727001641,1727001947,D0,392,GDHLV,EMA,CVG,74.86173045,4.421879729,2081.866951
2024-09-21,null,null,D0,363,GDHLR,JFK,BRU,null,null,937.4678928
2024-09-01,1725209182,1725209544,D0,818,GDHLU,CVG,LEJ,102.2082383,15.00567598,2115.121458
2024-09-01,1725209908,1725210214,D0,818,GDHLU,CVG,LEJ,86.09445184,14.80814786,2115.121458
2024-09-01,null,null,D0,968,GDHMC,LAX,CVG,null,null,2801.253601
2024-09-09,1725928098,1725928890,D0,521,GDHMD,HKG,CVG,214.0670635,94.31379183,3933.022269
2024-09-09,1725931355,1725931603,D0,521,GDHMD,HKG,CVG,65.79541973,36.38726716,3933.022269
2024-09-09,1725929305,1725929611,D0,521,GDHMD,HKG,CVG,80.46110781,39.74814401,3933.022269
2024-09-09,1725930641,1725930821,D0,521,GDHMD,HKG,CVG,48.63091594,25.94913085,3933.022269
2024-09-25,null,null,D0,367,GDHLO,JFK,EMA,null,null,1573.32203
2024-09-26,null,null,D0,843,GDHLS,BRU,CVG,null,null,2154.355387
2024-09-11,null,null,D0,4,GDHLV,EMA,CVG,null,null,1937.08858
2024-09-12,null,null,D0,364,GDHLO,LEJ,JFK,null,null,1376.527564
2024-09-12,1726106007,1726106122,D0,1,GDHMB,NGO,CVG,29.91712154,20.40816422,2269.277364
2024-09-12,1726104280,1726104461,D0,1,GDHMB,NGO,CVG,47.38227461,33.48410381,2269.277364
2024-09-27,1727417140,1727417321,D0,366,GDHLJ,EMA,JFK,39.63937606,7.852047501,1460.6635
2024-09-27,1727422892,1727423140,D0,366,GDHLJ,EMA,JFK,53.91545968,8.104437693,1460.6635
2024-09-08,null,null,D0,362,GDHLL,LEJ,JFK,null,null,1615.221829
2024-09-13,1726238361,1726238909,D0,375,GDHLE,CVG,BRU,139.0229421,16.49388194,2260.562357
2024-09-12,null,null,D0,2,GDHMB,EMA,CVG,null,null,1828.719896
2024-09-17,null,null,D0,375,GDHLR,CVG,BRU,null,null,2083.770547
2024-09-16,null,null,D0,384,GDHMD,LEJ,CVG,null,null,1843.178599
2024-09-17,null,null,D0,366,GDHLP,EMA,JFK,null,null,1515.183631
2024-09-22,1727004025,1727004501,D0,701,GDHMC,CVG,BAH,118.1912401,12.08539934,2458.719302
2024-09-24,1727179538,1727180901,D0,367,GDHLE,JFK,EMA,295.134496,25.58579878,1333.146269
2024-09-03,1725417509,1725417863,D0,523,GDHLX,HKG,CVG,93.53899556,57.37906033,3171.070242
2024-09-04,1725460038,1725460238,D0,375,GDHLP,CVG,BRU,41.16206654,4.590874735,2194.271921
2024-09-04,1725457279,1725457400,D0,375,GDHLP,CVG,BRU,29.22811383,3.669115611,2194.271921
2024-09-04,1725456917,1725457159,D0,375,GDHLP,CVG,BRU,58.51136478,7.35898278,2194.271921